probe,std.cox.coefficient,er,NCBI.gene.symbol
219340_s_at,-3.83,1,CLN8
217771_at,-3.865,1,GOLPH2
202418_at,3.63,1,YIF1A
206295_at,-3.471,1,IL18
201091_s_at,3.506,1,CBX3
204015_s_at,-3.476,1,DUSP4
200726_at,3.392,1,PPP1CC
200965_s_at,-3.353,1,ABLIM1
210314_x_at,-3.301,1,nan
221882_s_at,3.101,1,TMEM8
217767_at,-3.174,1,C3
219588_s_at,3.083,1,NCAPG2
204073_s_at,3.336,1,C11orf9
212567_s_at,-3.054,1,MAP4
211382_s_at,-3.025,1,TACC2
201663_s_at,3.095,1,SMC4
221344_at,-3.175,1,OR12D2
210028_s_at,-3.082,1,ORC3L
218782_s_at,3.058,1,ATAD2
201664_at,3.085,1,SMC4
219724_s_at,-2.992,1,nan
204014_at,-2.791,1,DUSP4
212014_x_at,-2.948,1,CD44
202240_at,2.931,1,PLK1
204740_at,-2.896,1,CNKSR1
208180_s_at,2.924,1,HIST1H4H
204768_s_at,2.915,1,FEN1
203391_at,-2.968,1,FKBP2
211762_s_at,2.824,1,KPNA2
218914_at,-2.777,1,C1orf66
221028_s_at,-2.635,1,GFOD2
211779_x_at,-2.854,1,AP2A2
218883_s_at,2.842,1,MLF1IP
204888_s_at,-2.835,1,NEURL
217815_at,2.777,1,SUPT16H
201368_at,-2.759,1,nan
201288_at,-2.745,1,ARHGDIB
201068_s_at,2.79,1,PSMC2
218478_s_at,2.883,1,ZCCHC8
214919_s_at,-2.794,1,nan
209835_x_at,-2.743,1,CD44
217471_at,-2.761,1,nan
203306_s_at,-2.831,1,SLC35A1
205034_at,2.659,1,CCNE2
221816_s_at,-2.715,1,PHF11
219510_at,2.836,1,POLQ
217102_at,-2.687,1,nan
208683_at,-2.631,1,CAPN2
215510_at,-2.716,1,ETV2
218533_s_at,2.703,1,UCKL1
215633_x_at,-2.641,1,LST1
221928_at,-2.686,1,ACACB
214806_at,-2.654,1,nan
204540_at,2.695,1,EEF1A2
221916_at,-2.758,1,NEFL
216693_x_at,2.702,1,HDGFRP3
209500_x_at,-2.694,1,nan
209524_at,2.711,1,HDGFRP3
207118_s_at,-2.771,1,MMP23B
211040_x_at,2.604,1,GTSE1
218430_s_at,-3.495,0,RFXDC2
217404_s_at,3.224,0,COL2A1
205848_at,-3.225,0,GAS2
214915_at,-3.145,0,nan
216010_x_at,-3.055,0,nan
204631_at,-3.037,0,MYH2
202687_s_at,-3.066,0,TNFSF10
221634_at,3.06,0,MGC70863
220886_at,-2.985,0,GABRQ
202239_at,-2.983,0,PARP4
204218_at,-3.022,0,C11orf51
221241_s_at,-3.054,0,BCL2L14
209862_s_at,-3.006,0,CEP57
217019_at,-2.917,0,nan
210593_at,-2.924,0,KIAA0913
216103_at,-2.882,0,nan
